title,distance,prices
2014 Hyundai Grand i10 Asta AT 1.2 Kappa VTVT [2013-2016],"82,604 km  |  Petrol  |  Ahmedabad",Rs. 4.6 Lakh
2016 Volkswagen Polo Highline1.5L (D),"67,288 km  |  Diesel  |  Ahmedabad",Rs. 4.9 Lakh
2019 Hyundai Elantra 2.0 SX (O) AT,"37,229 km  |  Petrol  |  Ahmedabad",Rs. 13.22 Lakh
2011 BMW 7 Series 730Ld Sedan,"77,000 km  |  Diesel  |  Ahmedabad",Rs. 19.55 Lakh
2019 Hyundai Elite i20 Magna Executive 1.2,"43,000 km  |  Petrol  |  Ahmedabad",Rs. 6.1 Lakh
2019 Hyundai Venue SX Plus 1.0 Turbo DCT,"36,663 km  |  Petrol  |  Ahmedabad",Rs. 9.16 Lakh
2019 Maruti Suzuki Eeco 5 STR WITH A/C+HTR CNG [2019],"36,000 km  |  CNG  |  Ahmedabad",Rs. 5.25 Lakh
2022 BMW 2 Series Gran Coupe 220i M Sport [2021-2023],"5,737 km  |  Petrol  |  Ahmedabad",Rs. 37 Lakh
2020 Maruti Suzuki Swift ZXi,"36,400 km  |  Petrol  |  Ahmedabad",Rs. 6.75 Lakh
2016 Maruti Suzuki Wagon R 1.0 VXI AMT,"59,970 km  |  Petrol  |  Ahmedabad",Rs. 4 Lakh
2018 Hyundai Grand i10 Sportz 1.2 Kappa VTVT,"57,180 km  |  Petrol  |  Ahmedabad",Rs. 5.1 Lakh
2019 Honda City V,"47,810 km  |  Petrol  |  Ahmedabad",Rs. 9 Lakh
2017 Hyundai Grand i10 Sportz (O) 1.2 Kappa VTVT [2017-2018],"16,113 km  |  Petrol  |  Ahmedabad",Rs. 5.65 Lakh
2020 Kia Seltos HTK 1.5 [2020-2021],"41,327 km  |  Petrol  |  Ahmedabad",Rs. 12.9 Lakh
2019 Honda WR-V VX MT Petrol,"18,957 km  |  Petrol  |  Ahmedabad",Rs. 8.5 Lakh
2020 Tata Harrier XZ,"22,013 km  |  Diesel  |  Ahmedabad",Rs. 17.02 Lakh
2018 Jaguar XJ L 3.0 Portfolio,"29,200 km  |  Diesel  |  Ahmedabad",Rs. 51 Lakh
2017 Maruti Suzuki Baleno Delta 1.2,"29,603 km  |  Petrol  |  Ahmedabad",Rs. 5.75 Lakh
2016 Maruti Suzuki Wagon R 1.0 VXI,"68,237 km  |  Petrol  |  Ahmedabad",Rs. 3.96 Lakh
2021 Porsche Macan R4,"15,500 km  |  Petrol  |  Ahmedabad",Rs. 79 Lakh
2021 Audi e-tron 55,"12,000 km  |  Electric  |  Ahmedabad",Rs. 89 Lakh
2018 Honda City V,"67,517 km  |  Petrol  |  Ahmedabad",Rs. 6.86 Lakh
2014 Hyundai Grand i10 Sportz 1.2 Kappa VTVT [2013-2016],"66,275 km  |  Petrol  |  Ahmedabad",Rs. 4 Lakh
2014 Audi Q5 2.0 TDI quattro Premium Plus,"1,25,361 km  |  Diesel  |  Ahmedabad",Rs. 20 Lakh
2015 Audi A6 35 TDI Matrix,"43,900 km  |  Diesel  |  Ahmedabad",Rs. 25 Lakh
2018 Land Rover Discovery Sport HSE,"75,850 km  |  Diesel  |  Ahmedabad",Rs. 41 Lakh
2020 Kia Seltos GTX Plus 1.4 DCT,"75,850 km  |  Petrol  |  Ahmedabad",Rs. 13.9 Lakh
2020 Kia Seltos HTX 1.5 Diesel,"65,350 km  |  Diesel  |  Ahmedabad",Rs. 12.9 Lakh
2021 Audi A6 Technology 45 TFSI,"19,900 km  |  Petrol  |  Ahmedabad",Rs. 53 Lakh
2020 Hyundai Verna Fluidic 1.6 VTVT SX Opt AT,"69,411 km  |  Petrol  |  Ahmedabad",Rs. 9.49 Lakh
2018 Maruti Suzuki Wagon R 1.0 VXI AMT,"40,222 km  |  Petrol  |  Ahmedabad",Rs. 4.22 Lakh
2018 Maruti Suzuki Wagon R 1.0 VXI AMT,"39,010 km  |  Petrol  |  Ahmedabad",Rs. 4.02 Lakh
2014 Maruti Suzuki Swift VXi,"42,563 km  |  Petrol  |  Ahmedabad",Rs. 4.4 Lakh
2020 Hyundai Verna SX (O) 1.5 CRDi,"73,029 km  |  Diesel  |  Ahmedabad",Rs. 12.39 Lakh
2020 Hyundai Verna SX 1.5 VTVT IVT,"39,428 km  |  Petrol  |  Ahmedabad",Rs. 10.65 Lakh
2018 Maruti Suzuki Vitara Brezza VDi,"48,530 km  |  Diesel  |  Ahmedabad",Rs. 7.5 Lakh
2021 Tata Harrier XMA,"26,574 km  |  Diesel  |  Ahmedabad",Rs. 15.1 Lakh
2015 Honda Brio VX AT,"69,073 km  |  Petrol  |  Ahmedabad",Rs. 4.25 Lakh
2019 Audi Q5 40 TDI Premium Plus,"72,514 km  |  Diesel  |  Ahmedabad",Rs. 39 Lakh
2023 Mercedes-Benz GLA 220d,"5,350 km  |  Diesel  |  Ahmedabad",Rs. 50 Lakh
2020 Maruti Suzuki Celerio VXi CNG,"48,792 km  |  CNG  |  Ahmedabad",Rs. 5.26 Lakh
2021 Mahindra Thar LX Hard Top Petrol AT,"9,087 km  |  Petrol  |  Ahmedabad",Rs. 13.8 Lakh
2021 Mercedes-Benz C-Class C200 Progressive,"42,500 km  |  Petrol  |  Ahmedabad",Rs. 41.5 Lakh
2022 Mercedes-Benz EQS 580 4MATIC,"3,600 km  |  Electric  |  Ahmedabad",Rs. 1.32 Crore
2019 Maruti Suzuki Alto 800 Vxi,"54,395 km  |  Petrol  |  Ahmedabad",Rs. 4.1 Lakh
2016 Mercedes-Benz GLA 200 d Sport,"52,100 km  |  Diesel  |  Ahmedabad",Rs. 20.51 Lakh
2017 Toyota Innova Crysta 2.8 ZX AT 7 STR [2016-2020],"87,000 km  |  Diesel  |  Ahmedabad",Rs. 17.9 Lakh
2018 Honda Jazz V Petrol,"68,357 km  |  Petrol  |  Ahmedabad",Rs. 6.5 Lakh
2022 Mercedes-Benz AMG GLA35 4MATIC [2021-2023],"4,750 km  |  Petrol  |  Ahmedabad",Rs. 55.25 Lakh
2018 Honda WR-V S MT Diesel,"71,949 km  |  Diesel  |  Ahmedabad",Rs. 6.25 Lakh
2012 Mercedes-Benz C-Class 220 CDI Sport,"60,482 km  |  Diesel  |  Ahmedabad",Rs. 10.9 Lakh
2020 Kia Seltos GTX Plus 1.4 DCT,"69,950 km  |  Petrol  |  Ahmedabad",Rs. 13.5 Lakh
2022 Mercedes-Benz E-Class E 220d Exclusive [2019-2019],"7,200 km  |  Diesel  |  Ahmedabad",Rs. 71 Lakh
2022 Mercedes-Benz E-Class E 220d Exclusive [2019-2019],"4,900 km  |  Diesel  |  Ahmedabad",Rs. 71.25 Lakh
2020 Mercedes-Benz E-Class E 200 Exclusive [2019-2019],"44,000 km  |  Petrol  |  Ahmedabad",Rs. 55 Lakh
2022 Mercedes-Benz E-Class E 220d Exclusive [2019-2019],"5,800 km  |  Diesel  |  Ahmedabad",Rs. 71 Lakh
2023 Mercedes-Benz E-Class E 200 Exclusive [2019-2019],"4,100 km  |  Petrol  |  Ahmedabad",Rs. 70.25 Lakh
2022 Mercedes-Benz EQS 580 4MATIC,"1,500 km  |  Electric  |  Ahmedabad",Rs. 1.35 Crore
2021 Mercedes-Benz GLB 220d Progressive Line [2022-2023],"9,300 km  |  Diesel  |  Ahmedabad",Rs. 56.25 Lakh
2016 Mercedes-Benz GLC 220 d Progressive,"1,38,381 km  |  Diesel  |  Ahmedabad",Rs. 38 Lakh
2022 Mercedes-Benz AMG GLA35 4MATIC,"4,100 km  |  Petrol  |  Ahmedabad",Rs. 55.25 Lakh
2020 MG Hector Super 1.5 Petrol,"5,775 km  |  Petrol  |  Ahmedabad",Rs. 12 Lakh
2016 Maruti Suzuki Vitara Brezza ZDi+ Dual Tone [2017-2018],"44,904 km  |  Diesel  |  Ahmedabad",Rs. 7.12 Lakh
2020 Maruti Suzuki Celerio ZXi,"49,316 km  |  Petrol  |  Ahmedabad",Rs. 4.84 Lakh
2022 Mercedes-Benz EQB 300 4MATIC,"9,000 km  |  Electric  |  Ahmedabad",Rs. 69.25 Lakh
2021 Mercedes-Benz C-Class C 220d Progressive [2018-2019],"35,200 km  |  Diesel  |  Ahmedabad",Rs. 43 Lakh
2022 Mercedes-Benz EQS 580 4MATIC,"8,700 km  |  Electric  |  Ahmedabad",Rs. 1.4 Crore
2019 Mercedes-Benz C-Class C 220d Progressive [2018-2019],"33,200 km  |  Diesel  |  Ahmedabad",Rs. 44 Lakh
2020 Mercedes-Benz E-Class E 220d Exclusive [2019-2019],"39,200 km  |  Diesel  |  Ahmedabad",Rs. 51 Lakh
2023 Mercedes-Benz C-Class C 300d,"3,600 km  |  Diesel  |  Ahmedabad",Rs. 62.75 Lakh
2023 Mercedes-Benz C-Class C 200,"3,200 km  |  Petrol  |  Ahmedabad",Rs. 56.7 Lakh
2023 Mercedes-Benz GLA 220d [2021-2023],"6,100 km  |  Diesel  |  Ahmedabad",Rs. 50.25 Lakh
2021 Mercedes-Benz C-Class C200 Progressive,"25,800 km  |  Petrol  |  Ahmedabad",Rs. 41.5 Lakh
2022 Mercedes-Benz AMG A45 S 4Matic Plus,"2,200 km  |  Petrol  |  Ahmedabad",Rs. 80.25 Lakh
2022 Mercedes-Benz S-Class (W222) S 350D [2018-2020],"15,500 km  |  Diesel  |  Ahmedabad",Rs. 1.35 Crore
2023 Mercedes-Benz GLA 220d [2021-2023],"3,500 km  |  Diesel  |  Ahmedabad",Rs. 50 Lakh
2023 Audi A4 Technology 40 TFSI [2021-2022],"4,209 km  |  Petrol  |  Ahmedabad",Rs. 40 Lakh
2020 Mercedes-Benz E-Class E 220d Exclusive [2019-2019],"62,300 km  |  Diesel  |  Ahmedabad",Rs. 52.5 Lakh
2023 Mercedes-Benz C-Class C 300d [2022-2023],"3,500 km  |  Diesel  |  Ahmedabad",Rs. 62.5 Lakh
2016 Honda City VX CVT,"95,513 km  |  Petrol  |  Ahmedabad",Rs. 6.6 Lakh
2012 Audi Q3 2.0 TDI quattro Premium Plus,"1,17,117 km  |  Diesel  |  Ahmedabad",Rs. 11 Lakh
2023 Audi A6 35 TFSI Technology,"5,298 km  |  Petrol  |  Ahmedabad",Rs. 54 Lakh
2022 Mercedes-Benz AMG GLA35 4MATIC [2021-2023],"2,500 km  |  Petrol  |  Ahmedabad",Rs. 55.25 Lakh
2017 Honda City 4th Generation V CVT Petrol [2017-2019],"56,468 km  |  Petrol  |  Ahmedabad",Rs. 7.9 Lakh
2015 Maruti Suzuki S-Cross Alpha 1.3,"45,408 km  |  Diesel  |  Ahmedabad",Rs. 6.5 Lakh
2013 Audi A4 35 TDI Premium,"80,790 km  |  Diesel  |  Ahmedabad",Rs. 13.5 Lakh
2021 Mercedes-Benz GLE 300d 4MATIC LWB,"34,000 km  |  Diesel  |  Ahmedabad",Rs. 76.25 Lakh
2022 Audi A6 Technology 45 TFSI,"4,093 km  |  Petrol  |  Ahmedabad",Rs. 52 Lakh
2014 Audi A4 2.0 TDI (177bhp) Premium Plus,"1,02,640 km  |  Diesel  |  Ahmedabad",Rs. 15.75 Lakh
2022 Maruti Suzuki Ertiga ZXi AT,"28,466 km  |  Petrol  |  Ahmedabad",Rs. 12.5 Lakh
2021 Hyundai Verna SX (O) 1.0 Turbo DCT,"21,515 km  |  Petrol  |  Ahmedabad",Rs. 13.5 Lakh
2022 Maruti Suzuki Celerio VXi,"2,607 km  |  Petrol  |  Ahmedabad",Rs. 5.25 Lakh
2017 Mahindra XUV500 W10 AWD,"73,089 km  |  Diesel  |  Ahmedabad",Rs. 8.61 Lakh
2019 Honda City 4th Generation ZX CVT Petrol [2017-2019],"61,515 km  |  Petrol  |  Ahmedabad",Rs. 9.44 Lakh
2017 Honda WR-V VX MT Diesel,"69,307 km  |  Diesel  |  Ahmedabad",Rs. 7.08 Lakh
2020 Maruti Suzuki Swift LXi,"29,918 km  |  Petrol  |  Ahmedabad",Rs. 5.75 Lakh
2017 Hyundai Elite i20 Asta 1.2 (O) [2016],"42,289 km  |  Petrol  |  Ahmedabad",Rs. 6.39 Lakh
2019 Maruti Suzuki Vitara Brezza ZDi Plus Dual Tone AGS,"58,700 km  |  Diesel  |  Ahmedabad",Rs. 9.75 Lakh
2019 Tata Harrier XZ Dual Tone,"1,20,617 km  |  Diesel  |  Ahmedabad",Rs. 12.78 Lakh
2014 Honda City SV,"1,22,850 km  |  Petrol  |  Ahmedabad",Rs. 5.04 Lakh
2022 Hyundai Venue S Plus 1.2 Petrol,"12,610 km  |  Petrol  |  Ahmedabad",Rs. 8.94 Lakh
2021 Maruti Suzuki Baleno Zeta 1.2,"31,237 km  |  Petrol  |  Ahmedabad",Rs. 7.27 Lakh
2021 Maruti Suzuki Vitara Brezza VXi,"40,000 km  |  Petrol  |  Ahmedabad",Rs. 8.9 Lakh
2019 Hyundai Verna SX Plus 1.6 VTVT AT,"59,200 km  |  Petrol  |  Ahmedabad",Rs. 10.5 Lakh
2021 Hyundai Aura SX Plus 1.2 AMT Petrol,"34,132 km  |  Petrol  |  Ahmedabad",Rs. 7.3 Lakh
2017 Volkswagen Polo Highline1.5L (D),"96,008 km  |  Diesel  |  Ahmedabad",Rs. 5.02 Lakh
2016 Hyundai Creta 1.6 SX Plus AT Petrol,"1,01,064 km  |  Petrol  |  Ahmedabad",Rs. 8.59 Lakh
2015 Hyundai Elite i20 Asta 1.4 (O) CRDi,"1,02,886 km  |  Diesel  |  Ahmedabad",Rs. 5.41 Lakh
2017 Ford EcoSport Titanium 1.5L Ti-VCT,"85,183 km  |  Petrol  |  Ahmedabad",Rs. 6.2 Lakh
2020 Hyundai i20 Asta 1.2 IVT,"58,400 km  |  Petrol  |  Ahmedabad",Rs. 7.53 Lakh
2014 Volkswagen Polo Highline1.2L (P),"80,805 km  |  Petrol  |  Ahmedabad",Rs. 3.74 Lakh
2017 Maruti Suzuki Celerio ZXi AMT [2017-2019],"30,000 km  |  Petrol  |  Ahmedabad",Rs. 4.75 Lakh
2021 Maruti Suzuki Swift VXi AMT [2021-2023],"17,500 km  |  Petrol  |  Ahmedabad",Rs. 6.85 Lakh
2022 Mahindra Thar LX Hard Top Diesel AT 4WD [2023],"15,000 km  |  Diesel  |  Ahmedabad",Rs. 17.25 Lakh
2017 Maruti Suzuki Celerio VXi [2017-2019],"18,839 km  |  Petrol  |  Ahmedabad",Rs. 4.25 Lakh
2014 Maruti Suzuki Wagon R 1.0 VXI,"85,499 km  |  Petrol  |  Ahmedabad",Rs. 3.23 Lakh
2017 Honda Amaze 1.2 S i-VTEC Opt,"71,048 km  |  Petrol  |  Ahmedabad",Rs. 5.29 Lakh
2017 Maruti Suzuki Alto 800 Lxi,"45,801 km  |  Petrol  |  Ahmedabad",Rs. 2.98 Lakh
2017 Ford EcoSport Titanium 1.5L Ti-VCT,"45,065 km  |  Petrol  |  Ahmedabad",Rs. 4.1 Lakh
2012 Hyundai i10 Magna 1.2 Kappa2,"60,993 km  |  Petrol  |  Ahmedabad",Rs. 2.67 Lakh
2019 Maruti Suzuki Alto 800 LXi (O),"11,829 km  |  Petrol  |  Ahmedabad",Rs. 3.29 Lakh
2016 Hyundai i10 Sportz 1.1 iRDE2 [2010--2017],"71,835 km  |  Petrol  |  Ahmedabad",Rs. 3.28 Lakh
2013 Honda Brio S MT,"27,460 km  |  Petrol  |  Ahmedabad",Rs. 3.21 Lakh
2020 Maruti Suzuki Wagon R LXi 1.0 CNG,"60,618 km  |  CNG  |  Ahmedabad",Rs. 5.23 Lakh
2013 Maruti Suzuki Wagon R 1.0 LXi,"98,385 km  |  Petrol  |  Ahmedabad",Rs. 2.87 Lakh
2017 Maruti Suzuki Alto 800 Lxi,"14,334 km  |  Petrol  |  Ahmedabad",Rs. 2.74 Lakh
2022 Tata Tiago XT CNG [2022-2023],"49,959 km  |  CNG  |  Ahmedabad",Rs. 6.1 Lakh
2015 Maruti Suzuki Swift ZXi,"76,056 km  |  Petrol  |  Ahmedabad",Rs. 4.42 Lakh
2013 Hyundai i10 1.2 L Kappa Magna Special Edition,"37,545 km  |  Petrol  |  Ahmedabad",Rs. 2.65 Lakh
2018 Honda Amaze 1.2 S MT Petrol [2018-2020],"94,868 km  |  Petrol  |  Ahmedabad",Rs. 5.7 Lakh
2016 Honda Brio S MT,"61,836 km  |  Petrol  |  Ahmedabad",Rs. 4.14 Lakh
2012 Maruti Suzuki Swift VDi,"93,027 km  |  Diesel  |  Ahmedabad",Rs. 3.78 Lakh
2012 Honda Brio S MT,"50,570 km  |  Petrol  |  Ahmedabad",Rs. 2.84 Lakh
2012 Hyundai i10 Era 1.1 iRDE2 [2010-2017],"85,255 km  |  Petrol  |  Ahmedabad",Rs. 2.23 Lakh
2016 Hyundai Grand i10 Magna 1.2 Kappa VTVT [2017-2020],"48,325 km  |  Petrol  |  Ahmedabad",Rs. 4.38 Lakh
2019 Renault Kwid 1.0 RXT Opt,"50,524 km  |  Petrol  |  Ahmedabad",Rs. 3.38 Lakh
2017 Hyundai Grand i10 Magna 1.2 Kappa VTVT [2017-2020],"98,895 km  |  Petrol  |  Ahmedabad",Rs. 4.08 Lakh
2013 Maruti Suzuki Alto 800 Lxi,"9,008 km  |  Petrol  |  Ahmedabad",Rs. 2.49 Lakh
2021 Mahindra Thar LX Hard Top Petrol AT,"17,000 km  |  Petrol  |  Ahmedabad",Rs. 14.75 Lakh
2021 Hyundai Grand i10 Nios Sportz 1.2 Kappa VTVT,"25,303 km  |  Petrol  |  Ahmedabad",Rs. 6.11 Lakh
2017 Maruti Suzuki Baleno Delta 1.2,"66,170 km  |  Petrol  |  Ahmedabad",Rs. 5.04 Lakh
2022 Mahindra XUV700 AX 7 Petrol AT Luxury Pack 7 STR [2021],"6,671 km  |  Petrol  |  Ahmedabad",Rs. 22.15 Lakh
2017 Maruti Suzuki Ignis Alpha 1.2 MT,"49,433 km  |  Petrol  |  Ahmedabad",Rs. 4.47 Lakh
2020 MG Hector Sharp 1.5 DCT Petrol [2019-2020],"77,283 km  |  Petrol  |  Ahmedabad",Rs. 12.9 Lakh
2020 Hyundai Grand i10 Nios Magna 1.2 Kappa VTVT,"35,747 km  |  Petrol  |  Ahmedabad",Rs. 5.55 Lakh
2022 Toyota Urban Cruiser Premium Grade AT,"23,950 km  |  Petrol  |  Ahmedabad",Rs. 10.56 Lakh
2015 Maruti Suzuki Swift DZire VXI,"43,154 km  |  Petrol  |  Ahmedabad",Rs. 4.86 Lakh
2021 Toyota Urban Cruiser High Grade AT,"48,123 km  |  Petrol  |  Ahmedabad",Rs. 9.12 Lakh
2019 Tata Harrier XZ [2019-2020],"33,765 km  |  Diesel  |  Ahmedabad",Rs. 14.75 Lakh
2014 Honda City V,"78,095 km  |  Petrol  |  Ahmedabad",Rs. 5.35 Lakh
2019 Tata Harrier XZ [2019-2020],"33,765 km  |  Diesel  |  Ahmedabad",Rs. 14.75 Lakh
2017 Maruti Suzuki Dzire ZXi Plus AMT,"30,610 km  |  Petrol  |  Ahmedabad",Rs. 6.43 Lakh
2014 Honda City V,"78,095 km  |  Petrol  |  Ahmedabad",Rs. 5.35 Lakh
2015 Maruti Suzuki Swift DZire VDI,"1,16,388 km  |  Diesel  |  Ahmedabad",Rs. 4.44 Lakh
2021 MG Hector Sharp Hybrid 1.5 Petrol [2019-2020],"30,796 km  |  Hybrid  |  Ahmedabad",Rs. 14.95 Lakh
2021 MG Hector Sharp 2.0 Diesel [2019-2020],"93,282 km  |  Diesel  |  Ahmedabad",Rs. 15.21 Lakh
2016 Hyundai Elite i20 Magna 1.2 [2016-2017],"76,413 km  |  Petrol  |  Ahmedabad",Rs. 4.97 Lakh
2019 Jeep Compass Longitude (O) 2.0 Diesel [2017-2020],"26,519 km  |  Diesel  |  Ahmedabad",Rs. 12.22 Lakh
2018 Honda WR-V VX MT Diesel,"1,23,009 km  |  Diesel  |  Ahmedabad",Rs. 6.26 Lakh
2022 Tata Nexon XZ Plus (HS) Diesel Dark Edition,"29,798 km  |  Diesel  |  Ahmedabad",Rs. 11.26 Lakh
2018 Honda Jazz VX Petrol,"1,04,130 km  |  Petrol  |  Ahmedabad",Rs. 5.3 Lakh
2016 Hyundai Creta 1.6 SX,"1,07,491 km  |  Diesel  |  Ahmedabad",Rs. 7.56 Lakh
2022 Mahindra XUV300 1.5 W8 (O) [2019-2020],"27,099 km  |  Diesel  |  Ahmedabad",Rs. 12.38 Lakh
2020 Volkswagen Polo GT TSI,"39,344 km  |  Petrol  |  Ahmedabad",Rs. 8.77 Lakh
2017 Honda City 4th Generation VX CVT Petrol [2017-2019],"62,669 km  |  Petrol  |  Ahmedabad",Rs. 6.67 Lakh
2019 Honda Amaze 1.2 E MT Petrol [2018-2020],"43,525 km  |  Petrol  |  Ahmedabad",Rs. 5.33 Lakh
2018 Hyundai Elantra SX (O) 2.0 AT,"83,023 km  |  Petrol  |  Ahmedabad",Rs. 12.38 Lakh
2022 Tata Safari XZA Plus Gold,"19,960 km  |  Diesel  |  Ahmedabad",Rs. 20.53 Lakh
2022 Volkswagen Vento Highline Plus 1.0L TSI Automatic,"4,150 km  |  Petrol  |  Ahmedabad",Rs. 11.94 Lakh
2020 Maruti Suzuki S-Cross 2020 Delta,"30,125 km  |  Petrol  |  Ahmedabad",Rs. 7.84 Lakh
2017 Maruti Suzuki Ignis Delta 1.2 MT,"30,014 km  |  Petrol  |  Ahmedabad",Rs. 4.61 Lakh
2019 Hyundai Grand i10 Sports Edition 1.2L Kappa VTVT,"13,831 km  |  Petrol  |  Ahmedabad",Rs. 5.15 Lakh
2018 Honda Amaze 1.2 S MT Petrol [2018-2020],"58,086 km  |  Petrol  |  Ahmedabad",Rs. 5.32 Lakh
2018 Tata Tiago Revotron XZA,"1,20,606 km  |  Petrol  |  Ahmedabad",Rs. 4.33 Lakh
2020 Jeep Compass Limited Plus 2.0 Diesel 4x4 AT,"60,186 km  |  Diesel  |  Ahmedabad",Rs. 16.21 Lakh
2019 Ford Endeavour Titanium 2.2 4x2 MT,"93,998 km  |  Diesel  |  Ahmedabad",Rs. 21.4 Lakh
2018 Honda Amaze 1.2 S MT Petrol [2018-2020],"58,086 km  |  Petrol  |  Ahmedabad",Rs. 5.32 Lakh
2018 Tata Tiago Revotron XZA,"1,20,606 km  |  Petrol  |  Ahmedabad",Rs. 4.33 Lakh
2017 Hyundai Grand i10 Sportz 1.2 Kappa VTVT [2016-2017],"45,304 km  |  Petrol  |  Ahmedabad",Rs. 4.57 Lakh
2020 Honda City VX CVT,"36,212 km  |  Petrol  |  Ahmedabad",Rs. 10.65 Lakh
2017 Hyundai Elantra SX (O) 2.0 AT,"69,178 km  |  Petrol  |  Ahmedabad",Rs. 10.97 Lakh
2019 Honda Amaze 1.2 S i-VTEC,"54,034 km  |  Petrol  |  Ahmedabad",Rs. 5.82 Lakh
2017 Maruti Suzuki Ignis Zeta 1.2 AMT,"88,343 km  |  Petrol + 1  |  Ahmedabad",Rs. 4.47 Lakh
2022 Tata Safari XZ,"5,621 km  |  Diesel  |  Ahmedabad",Rs. 19.72 Lakh
2016 Maruti Suzuki Ciaz VXi,"69,708 km  |  Petrol  |  Ahmedabad",Rs. 5.16 Lakh
2018 Maruti Suzuki Ciaz Alpha Hybrid 1.5 [2018-2020],"44,787 km  |  Petrol  |  Ahmedabad",Rs. 6.95 Lakh
2016 Hyundai Creta 1.6 SX Plus AT,"1,01,678 km  |  Diesel  |  Ahmedabad",Rs. 7.92 Lakh
2019 Ford EcoSport Titanium 1.5L TDCi [2019-2020],"60,705 km  |  Diesel  |  Ahmedabad",Rs. 7.74 Lakh
2022 Tata Harrier XZA Plus,"3,846 km  |  Diesel  |  Ahmedabad",Rs. 20.4 Lakh
2020 Mahindra Thar LX Convertible Petrol AT,"9,834 km  |  Petrol  |  Ahmedabad",Rs. 12.39 Lakh
2019 Honda WR-V VX MT Diesel,"71,523 km  |  Diesel  |  Ahmedabad",Rs. 6.52 Lakh
2018 Honda WR-V VX MT Diesel,"1,18,162 km  |  Diesel  |  Ahmedabad",Rs. 6.55 Lakh
2017 Hyundai Creta SX Plus 1.6 AT CRDI,"1,00,452 km  |  Diesel  |  Ahmedabad",Rs. 9.18 Lakh
2022 Renault Triber RXZ [2019-2020],"2,464 km  |  Petrol  |  Ahmedabad",Rs. 7.55 Lakh
2019 Maruti Suzuki Wagon R VXi 1.0 AMT [2019-2019],"28,428 km  |  Petrol  |  Ahmedabad",Rs. 4.65 Lakh
2019 Hyundai Grand i10 Magna 1.2 Kappa VTVT [2013-2016],"33,847 km  |  Petrol  |  Ahmedabad",Rs. 5.11 Lakh
2021 Maruti Suzuki Wagon R LXi 1.0 CNG,"78,073 km  |  CNG  |  Ahmedabad",Rs. 5.48 Lakh
2018 Hyundai Elite i20 Magna Executive 1.2,"1,01,437 km  |  Petrol + 1  |  Ahmedabad",Rs. 5.79 Lakh
2018 Hyundai Elite i20 Magna Executive 1.2,"1,01,437 km  |  Petrol + 1  |  Ahmedabad",Rs. 5.79 Lakh
2017 Honda WR-V VX MT Petrol,"86,454 km  |  Petrol  |  Ahmedabad",Rs. 6.01 Lakh
2018 Maruti Suzuki Swift VDi,"86,322 km  |  Diesel  |  Ahmedabad",Rs. 5.84 Lakh
2015 Maruti Suzuki Ciaz ZDi+ [2014-2015],"1,02,383 km  |  Diesel  |  Ahmedabad",Rs. 5.29 Lakh
2017 Hyundai Verna 1.6 CRDI S,"80,405 km  |  Diesel  |  Ahmedabad",Rs. 6.26 Lakh
2019 Maruti Suzuki Baleno Delta 1.2,"36,589 km  |  Petrol  |  Ahmedabad",Rs. 5.73 Lakh
2021 Renault Triber RXZ EASY-R AMT Dual Tone,"25,915 km  |  Petrol  |  Ahmedabad",Rs. 7.83 Lakh
2017 Honda BR-V S Diesel,"65,146 km  |  Diesel  |  Ahmedabad",Rs. 6.11 Lakh
2022 Tata Harrier XZA Plus,"34,360 km  |  Diesel  |  Ahmedabad",Rs. 19.02 Lakh
2021 Tata Safari XZ Plus,"25,629 km  |  Diesel  |  Ahmedabad",Rs. 17.4 Lakh
2021 Hyundai Venue SX 1.5 CRDi,"1,21,732 km  |  Diesel  |  Ahmedabad",Rs. 8.72 Lakh
2020 Hyundai Santro Sportz,"78,088 km  |  Petrol  |  Ahmedabad",Rs. 5.07 Lakh
2020 Maruti Suzuki S-Cross 2020 Alpha,"55,112 km  |  Petrol  |  Ahmedabad",Rs. 8.65 Lakh
2018 Honda Brio S (O)MT,"42,100 km  |  Petrol  |  Ahmedabad",Rs. 4.29 Lakh
2018 Maruti Suzuki Ignis Delta 1.2 MT,"40,172 km  |  Petrol  |  Ahmedabad",Rs. 4.51 Lakh
2021 Kia Sonet GTX Plus 1.5 AT [2020-2021],"75,910 km  |  Diesel  |  Ahmedabad",Rs. 11.53 Lakh
2018 Toyota Yaris J CVT [2018-2020],"64,508 km  |  Petrol  |  Ahmedabad",Rs. 7.25 Lakh
2018 Maruti Suzuki Wagon R 1.0 LXI CNG,"1,02,089 km  |  CNG  |  Ahmedabad",Rs. 4.04 Lakh
2020 Hyundai Aura SX Plus 1.2 AMT CRDi,"36,478 km  |  Diesel  |  Ahmedabad",Rs. 7.68 Lakh
2015 Honda City V Diesel,"1,08,823 km  |  Diesel  |  Ahmedabad",Rs. 5.41 Lakh
2015 Hyundai Verna Fluidic 1.6 CRDi SX Opt,"1,01,435 km  |  Diesel  |  Ahmedabad",Rs. 5.8 Lakh
2019 Hyundai Santro Sportz AMT [2018-2020],"49,612 km  |  Petrol  |  Ahmedabad",Rs. 4.42 Lakh
2021 Toyota Innova Crysta 2.4 VX 7 STR [2016-2020],"17,563 km  |  Diesel  |  Ahmedabad",Rs. 19.8 Lakh
2017 Mahindra XUV500 W10 AWD AT,"79,105 km  |  Diesel  |  Ahmedabad",Rs. 9.81 Lakh
2022 Maruti Suzuki Ciaz Zeta Hybrid  1.5 [2018-2020],"35,804 km  |  Petrol  |  Ahmedabad",Rs. 8.47 Lakh
2016 Honda Jazz VX Petrol,"34,830 km  |  Petrol  |  Ahmedabad",Rs. 4.37 Lakh
2021 Hyundai Venue SX Plus 1.0 Turbo DCT Dual Tone [2020-2020],"21,620 km  |  Petrol  |  Ahmedabad",Rs. 10.72 Lakh
2016 Maruti Suzuki Baleno Delta 1.2,"88,677 km  |  Petrol  |  Ahmedabad",Rs. 4.62 Lakh
2017 Honda BR-V S Petrol,"88,419 km  |  Petrol  |  Ahmedabad",Rs. 6.57 Lakh
2018 Maruti Suzuki Ciaz Alpha Hybrid 1.5 [2018-2020],"57,258 km  |  Petrol  |  Ahmedabad",Rs. 6.92 Lakh
2019 Maruti Suzuki S-Presso VXi Plus,"26,695 km  |  Petrol  |  Ahmedabad",Rs. 4.29 Lakh
2019 Jeep Compass Longitude (O) 1.4 Petrol AT [2019-2020],"46,726 km  |  Petrol  |  Ahmedabad",Rs. 13.29 Lakh
2020 MG Hector Sharp 1.5 DCT Petrol [2019-2020],"37,311 km  |  Petrol  |  Ahmedabad",Rs. 13.23 Lakh
2018 Maruti Suzuki Baleno Zeta,"39,746 km  |  Petrol  |  Ahmedabad",Rs. 5.7 Lakh
2019 Hyundai Xcent S AT,"37,610 km  |  Petrol  |  Ahmedabad",Rs. 5.93 Lakh
2021 Hyundai i20 Asta 1.0 Turbo DCT,"16,735 km  |  Petrol  |  Ahmedabad",Rs. 9.06 Lakh
2017 Maruti Suzuki Ciaz Zeta 1.4 AT,"54,332 km  |  Petrol  |  Ahmedabad",Rs. 6.78 Lakh
2016 Maruti Suzuki Swift Dzire VDI,"1,04,281 km  |  Diesel  |  Ahmedabad",Rs. 4.59 Lakh
2021 Tata Safari XZ Plus,"45,969 km  |  Diesel  |  Ahmedabad",Rs. 17.23 Lakh
2021 Hyundai Venue SX 1.0 Turbo,"28,263 km  |  Petrol  |  Ahmedabad",Rs. 9.26 Lakh
2017 Hyundai Verna 1.6 CRDI S,"98,008 km  |  Diesel  |  Ahmedabad",Rs. 6.32 Lakh
2020 Maruti Suzuki Wagon R VXi 1.0 [2019-2019],"30,099 km  |  Petrol  |  Ahmedabad",Rs. 4.65 Lakh
2016 Hyundai Xcent S 1.2,"57,617 km  |  Petrol  |  Ahmedabad",Rs. 4.92 Lakh
2019 Hyundai Creta SX 1.6 CRDi,"76,092 km  |  Diesel  |  Ahmedabad",Rs. 9.88 Lakh
2022 Nissan Magnite XV Premium Turbo CVT [2020],"10,680 km  |  Petrol  |  Ahmedabad",Rs. 9.27 Lakh
2018 Maruti Suzuki Ignis Alpha 1.2 AMT,"35,904 km  |  Petrol  |  Ahmedabad",Rs. 5.69 Lakh
2022 Tata Tigor XZ CNG [2022-2023],"24,533 km  |  CNG  |  Ahmedabad",Rs. 7.46 Lakh
2022 Tata Harrier XZA Plus,"9,250 km  |  Diesel  |  Ahmedabad",Rs. 21.47 Lakh
